submission_id,Staff_Name,date_,WEEKNUM,Supplier,GrowerName,GrowerName2,Ungraded_Stacks,Ungraded_eggs,Graded_700s,Adjusted_700s,Graded_600s,Adjusted_600s,Graded_800s,Adjusted_800s,Graded_350s,Graded_400s,Graded_900s,Adjusted_900s,Graded_30_PCK,Adjusted_30_PCKs,Graded_500s,Machine_pulp_kilos,Machine_pulp_boxes,Cracked_bx,Cracked_tr,Second_bx,Second_tr,Dirties_bx,Dirties_tr,Lane1_700s,L3_600_bx,L3_900_bx,L3_900_bx_adjusted,PCK_30_bx_L3,GrandTotal,Discrepancy,GRD_above_58,GRD_66_gms,GRD_below_58,GRD_less_50,Machine_pulp,Cracked_percent,Seconds_percent,Dirties_percent,Cr_POP,Dr_POP,Cr_POP_bx,Dr_POP_bx,Mach_Pl,Mach_C,Mach_Pa,Observations,Saleable,Unsaleable,Saleable_percent,Unsaleable_percent
1,Erin,2021-06-23,25,JRE,JRE,JRE,140,25200,65,86,37,16,NULL,NULL,30,NULL,0,0,0,0,0,8,1,1,5,1,4,4,2,NULL,21,0,0,0,141,-1,82,NULL,11,0,1,1,1,3,4,1,1,0,1,6,2,NULL,132,12,94,9
2,Erin,2021-06-23,25,GROWER,"Happy hens ","Happy hens ",5,900,1,1,1,1,NULL,NULL,1,NULL,0,0,0,0,0,0,0,0,1,0,0,0,0,NULL,0,0,0,0,3,2,63,NULL,32,0,0,5,0,0,0,0,0,0,0,0,0,NULL,3,2,95,63
5,Erin,2021-06-23,25,"JRE Washed",,"JRE Washed",70,12600,55,55,7,7,0,NULL,0,0,0,0,0,0,0,5,1,5,1,0,0,0,0,NULL,0,0,0,0,68,2,81,NULL,10,0,2,8,0,0,2,0,0,0,0,4,2,,62,8,91,12
6,Erin,2021-06-23,25,"GROWER WASHED",GBN,GBN,25,4500,19,19,4,4,0,NULL,0,0,0,0,0,0,0,0,0,1,4,0,0,0,0,NULL,0,0,0,0,25,0,77,NULL,16,0,0,7,0,0,1,0,0,0,0,0,0,,23,2,93,8
7,Erin,2021-06-22,25,GROWER,GBN,GBN,512,92160,228,307,84,58,0,NULL,80,0,59,0,27,27,3,28,3,4,3,1,3,25,5,NULL,26,59,53,0,510,2,76,NULL,17,1,1,1,0,5,4,7,1,1,11,11,6,,475,63,93,12
8,Erin,2021-06-21,25,"GROWER WASHED",GBN,GBN,22,3960,15,15,3,3,0,NULL,1,0,0,0,0,0,0,1,0,3,1,0,0,0,0,NULL,0,0,0,0,22,0,72,NULL,14,0,0,14,0,0,0,1,0,0,0,1,0,,19,3,86,14
9,Erin,2021-06-21,25,JRE,,JRE,434,78120,232,286,63,23,0,NULL,75,0,16,0,20,20,1,22,2,5,1,2,3,17,2,NULL,40,16,14,0,432,2,84,NULL,10,0,1,1,1,4,9,2,2,0,5,14,4,,405,46,94,11
10,Erin,2021-06-18,24,JRE,,JRE,288,51840,156,192,19,19,0,NULL,40,0,40,0,10,10,1,22,2,4,3,1,4,15,3,NULL,0,40,36,0,286,2,81,NULL,10,0,1,2,1,5,6,2,1,0,8,11,3,,262,42,92,15
11,Erin,2021-06-17,24,JRE,,JRE,192,34560,164,164,18,18,0,NULL,0,0,0,0,0,0,0,16,2,2,1,0,3,4,2,NULL,0,0,0,0,191,1,86,NULL,9,0,1,1,0,2,6,4,1,1,8,7,2,,182,14,95,8
12,Erin,2021-06-17,24,"JRE Washed",,"JRE Washed",33,5940,13,25,3,3,0,NULL,0,0,13,0,0,0,0,3,0,3,0,0,0,0,0,NULL,0,13,12,0,31,2,81,NULL,10,0,0,10,0,0,2,0,0,0,0,3,0,,28,5,90,17
13,Erin,2021-06-17,24,GROWER,GBN,GBN,256,46080,83,122,18,18,0,NULL,77,0,43,0,22,22,1,14,1,3,5,1,4,8,0,NULL,0,43,39,0,254,2,78,NULL,16,0,0,2,1,3,3,3,1,1,5,8,1,,240,24,94,10
14,Erin,2021-06-16,24,"GROWER WASHED",GBN,GBN,27,4860,20,20,4,4,0,NULL,0,0,0,0,0,0,0,0,0,1,3,0,0,0,0,NULL,0,0,0,0,26,2,78,NULL,16,0,0,6,0,0,0,0,0,0,0,0,0,,24,3,94,12
15,Erin,2021-06-16,24,GROWER,GBN,GBN,514,92520,282,324,46,46,0,NULL,68,0,53,5,31,31,3,40,4,8,4,2,2,18,4,NULL,0,47,42,0,511,3,77,NULL,16,1,1,2,1,4,5,3,1,1,10,27,3,,478,55,93,11
16,Erin,2021-06-15,24,"GROWER WASHED",GBN,GBN,35,6300,25,25,1,1,0,NULL,0,0,5,5,0,0,0,0,0,2,1,0,0,0,0,NULL,0,0,0,0,33,2,77,NULL,17,0,0,7,0,0,0,1,0,0,0,0,0,,31,5,93,14
17,Erin,2021-06-15,24,GROWER,GBN,GBN,381,68580,187,221,43,43,0,NULL,64,0,41,3,15,15,2,28,3,4,1,2,0,22,0,NULL,0,38,34,0,379,2,75,NULL,16,1,1,1,1,6,5,5,1,1,7,18,3,"Eggs quite dirty, cardboard trays too soft for preloaded on bottom layer",348,55,92,15
18,Erin,2021-06-15,24,"JRE Washed",,"JRE Washed",21,3780,10,10,1,1,0,NULL,8,0,0,0,0,0,0,2,0,1,1,0,0,0,0,NULL,0,0,0,0,20,1,89,NULL,5,0,0,6,0,0,1,0,0,0,0,2,0,,19,2,94,10
19,Erin,2021-06-10,23,JRE,,JRE,144,25920,71,123,43,6,0,NULL,0,0,24,6,0,0,0,9,1,1,5,1,1,5,0,NULL,37,17,15,0,145,-1,85,NULL,9,0,1,1,1,4,2,1,0,0,2,4,3,,136,13,94,9
20,Erin,2021-06-10,23,"JRE Washed",,"JRE Washed",34,6120,19,19,4,4,0,NULL,0,0,9,8,0,0,0,4,0,1,1,0,0,0,0,NULL,0,0,0,0,33,1,58,NULL,37,0,1,4,0,0,2,0,0,0,1,3,0,,31,3,95,9
21,Erin,2021-06-09,23,JRE,,JRE,241,43380,138,147,5,5,0,NULL,51,0,10,0,20,20,1,16,2,2,2,1,2,10,1,NULL,0,10,9,0,239,2,83,NULL,10,0,1,1,1,4,6,2,1,0,0,0,0,0,0,0,0,0
22,Erin,2021-06-09,23,GROWER,GBN,GBN,192,34560,101,101,18,18,0,NULL,42,0,0,0,19,19,2,8,1,2,3,1,0,4,0,NULL,0,0,0,0,190,2,75,NULL,19,1,0,1,1,2,2,2,0,0,0,0,0,0,0,0,0,0
23,Erin,2021-06-08,23,GROWER,GBN,GBN,544,97920,289,332,71,68,0,NULL,85,0,44,0,31,31,6,36,4,6,0,2,4,11,3,NULL,3,44,40,0,545,-1,76,NULL,18,1,1,1,1,2,9,6,2,1,0,0,0,0,0,0,0,0
24,Erin,2021-06-07,23,GROWER,GBN,GBN,288,51840,134,211,49,17,0,NULL,8,0,50,0,32,32,2,18,2,2,0,0,3,13,2,NULL,32,50,45,0,288,0,76,NULL,17,1,1,1,0,5,4,2,1,0,0,0,0,0,0,0,0,0
25,Erin,2021-06-07,23,JRE,,JRE,188,33840,107,107,4,4,0,NULL,48,0,9,8,8,8,1,13,1,2,2,0,0,5,2,NULL,0,0,0,0,185,3,84,NULL,11,1,1,1,0,3,0,0,0,0,0,0,0,0,0,0,0,0
26,Erin,2021-06-03,22,JRE,,JRE,324,58320,222,236,33,19,0,NULL,35,0,20,18,0,0,2,16,2,3,4,2,2,5,4,NULL,14,0,0,0,323,1,84,NULL,11,1,1,1,1,2,5,2,1,0,0,0,0,0,0,0,0,0
27,Erin,2021-06-02,22,GROWER,GBN,GBN,128,23040,56,56,10,10,0,NULL,40,0,0,0,13,13,1,10,1,2,0,0,4,4,2,NULL,0,0,0,0,128,0,75,NULL,18,1,1,2,1,3,2,1,0,0,0,0,0,0,0,0,0,0
28,Erin,2021-06-02,22,"GROWER WASHED",GBN,GBN,16,2880,7,7,3,3,0,NULL,5,0,0,0,0,0,0,0,0,0,5,0,0,0,0,NULL,0,0,0,0,16,0,76,NULL,19,0,0,5,0,0,1,0,0,0,0,0,0,0,0,0,0,0
29,Erin,2021-06-02,22,"JRE Washed",,"JRE Washed",43,7740,22,22,5,5,0,NULL,12,0,0,0,0,0,1,2,0,1,4,0,0,0,0,NULL,0,0,0,0,42,1,81,NULL,12,2,1,4,0,0,2,0,0,0,0,0,0,0,0,0,0,0
30,Erin,2021-06-01,22,JRE,,JRE,281,50580,187,200,32,32,0,NULL,32,0,14,0,0,0,1,16,2,3,4,1,3,6,5,NULL,0,14,13,0,278,3,83,NULL,12,0,1,1,1,3,5,2,1,0,0,0,0,0,0,0,0,0
31,Erin,2021-06-01,22,GROWER,GBN,GBN,192,34560,73,104,12,12,0,NULL,32,0,34,0,32,32,3,6,1,2,1,1,1,5,4,NULL,0,34,31,0,192,0,71,NULL,23,2,0,1,1,3,2,2,0,0,0,0,0,0,0,0,0,0
32,Erin,2021-05-31,22,GROWER,GBN,GBN,512,92160,248,312,81,75,0,NULL,64,0,64,0,28,28,7,28,3,6,1,2,4,12,1,NULL,6,64,58,0,509,3,74,NULL,20,1,1,1,1,2,6,5,1,1,0,0,0,0,0,0,0,0
220,Erin,2021-06-28,26,JRE,NULL,JRE,356,64080,175,246,28,13,NULL,NULL,56,NULL,62,0,23,23,1,19,2,3,0,1,3,13,1,NULL,15,62,56,0,358,-2,84,NULL,10,0,1,1,0,4,4,3,1,1,3,7,9,NULL,339,30,95,8
221,"Jordan ",2021-06-29,26,GROWER,GBN,GBN,288,51840,178,202,44,27,NULL,NULL,0,NULL,8,0,21,21,2,10,1,1,4,1,2,28,4,NULL,17,8,7,0,285,3,71,NULL,17,1,0,1,1,10,3,7,1,1,3,4,3,NULL,252,64,89,23
222,Erin,2021-06-29,26,JRE,NULL,JRE,126,22680,79,79,4,4,NULL,NULL,28,NULL,0,0,8,8,1,8,1,0,5,0,1,2,5,NULL,0,0,0,0,125,1,86,NULL,10,1,1,1,0,2,3,1,1,0,4,2,2,NULL,120,9,96,7
223,Erin,2021-06-29,26,"JRE Washed",NULL,"JRE Washed",38,6840,16,16,4,4,NULL,NULL,16,NULL,0,0,0,0,0,6,1,1,1,0,0,0,0,NULL,0,0,0,0,38,0,84,NULL,11,0,3,3,0,0,1,0,0,0,3,2,0,NULL,36,2,94,5
224,Erin,2021-07-01,26,"JRE Washed","JRE Washed","JRE Washed",25,4500,11,21,3,3,NULL,NULL,0,NULL,11,0,0,0,0,4,0,0,5,0,0,0,0,NULL,0,11,10,0,25,0,85,NULL,12,0,0,3,0,0,1,0,0,0,1,3,1,NULL,24,1,97,4
225,Erin,2021-07-01,26,"GROWER WASHED","GBN ","GBN ",77,13860,43,63,12,12,NULL,NULL,0,NULL,22,0,0,0,1,2,0,1,2,0,0,0,0,NULL,0,22,20,0,77,0,81,NULL,16,1,0,2,0,0,1,0,0,0,0,0,1,NULL,76,1,98,2
226,Erin,2021-07-01,26,GROWER,"GBN ","GBN ",45,8100,14,14,7,7,NULL,NULL,20,NULL,0,0,0,0,0,2,0,1,0,0,3,1,1,NULL,0,0,0,0,44,1,78,NULL,16,0,0,2,1,3,1,0,0,0,1,2,0,NULL,41,5,94,12
227,Erin,2021-07-01,26,GROWER,"Happy hens ","Happy hens ",14,2520,7,7,2,2,NULL,NULL,5,NULL,0,0,0,0,0,0,0,0,2,0,0,0,0,NULL,0,0,0,0,14,0,84,NULL,14,0,0,2,0,0,0,0,0,0,0,0,0,NULL,14,0,98,0
228,Erin,2021-07-01,26,GROWER,"600s tinies (star stamp) ","600s tinies (star stamp) ",96,17280,0,5,83,78,NULL,NULL,0,NULL,0,0,0,0,11,4,0,0,5,0,0,0,0,NULL,5,0,0,0,95,1,5,NULL,82,12,0,1,0,0,0,0,0,0,3,1,1,NULL,94,2,99,2
229,Erin,2021-07-05,27,GROWER,"GBN ","GBN ",384,69120,206,243,47,47,NULL,NULL,44,NULL,41,0,27,27,3,11,1,4,2,2,0,12,2,NULL,0,41,37,0,384,0,75,NULL,19,1,0,1,1,3,4,2,1,0,3,6,3,NULL,364,32,95,8
230,Erin,2021-07-05,27,JRE,JRE,JRE,24,4320,19,19,2,2,NULL,NULL,0,NULL,0,0,0,0,0,2,0,0,3,0,1,1,2,NULL,0,0,0,0,23,1,83,NULL,9,0,0,2,1,6,1,0,0,0,0,1,1,NULL,21,4,91,19
231,Erin,2021-07-06,27,JRE,JRE,JRE,456,82080,229,268,9,9,NULL,NULL,113,NULL,43,0,34,34,1,30,3,4,0,1,2,22,2,NULL,0,43,39,0,455,1,84,NULL,9,0,1,1,0,5,6,2,1,0,8,15,8,NULL,425,54,93,12
232,Erin,2021-07-07,27,"GROWER WASHED","GBN ","GBN ",12,2160,10,10,2,2,NULL,NULL,0,NULL,0,0,0,0,0,0,0,0,3,0,0,0,0,NULL,0,0,0,0,13,-1,80,NULL,16,0,0,4,0,0,0,0,0,0,NULL,NULL,NULL,NULL,12,0,96,0
233,Erin,2021-07-07,27,GROWER,"Happy hens ","Happy hens ",20,3600,17,17,2,2,NULL,NULL,0,NULL,0,0,0,0,0,0,0,0,2,0,0,0,0,NULL,0,0,0,0,19,1,88,NULL,10,0,0,2,0,0,0,0,0,0,NULL,NULL,NULL,NULL,19,1,98,5
234,Erin,2021-07-07,27,"JRE Washed","JRE Washed","JRE Washed",65,11700,52,52,6,6,NULL,NULL,0,NULL,0,0,0,0,0,10,1,4,2,0,0,0,0,NULL,0,0,0,0,63,2,82,NULL,10,0,2,7,0,0,2,0,0,0,0,9,2,NULL,58,7,92,11
235,Erin,2021-07-07,27,JRE,JRE,JRE,108,19440,27,56,3,3,20,NULL,13,NULL,32,0,8,8,1,6,1,1,0,0,1,7,2,NULL,0,32,29,0,110,18,76,NULL,12,1,1,1,0,8,1,1,0,0,1,3,2,20x800,81,35,89,38
236,Erin,2021-07-08,27,JRE,JRE,JRE,127,22860,79,106,17,10,0,NULL,0,NULL,9,0,12,0,0,4,0,1,1,1,1,6,4,NULL,7,9,8,12,125,2,85,NULL,18,0,0,1,1,5,2,1,0,0,0,3,1,NULL,116,18,93,14
238,Erin,2021-07-12,28,JRE,JRE,JRE,294,52920,135,178,35,11,23,NULL,44,NULL,21,0,14,14,1,18,2,2,4,1,2,14,2,NULL,24,21,19,0,291,3,76,NULL,9,0,1,1,1,5,4,2,1,0,2,10,6,NULL,248,60,85,21
239,Erin,2021-07-12,28,GROWER,"GBN ","GBN ",80,14400,60,60,15,15,0,NULL,0,NULL,0,0,0,0,0,8,1,1,0,0,3,1,5,NULL,0,0,0,0,79,1,76,NULL,19,0,1,1,1,2,0,1,0,0,5,2,1,NULL,75,7,95,9
240,Erin,2021-07-13,28,GROWER,"GBN ","GBN ",406,73080,134,184,43,43,26,NULL,90,NULL,56,0,38,38,4,24,2,2,4,1,1,15,5,NULL,0,56,50,0,407,-1,67,NULL,20,1,1,1,0,4,5,2,1,0,8,7,8,NULL,359,62,88,15
241,Erin,2021-07-12,28,GROWER,"600s (stars) ","600s (stars) ",64,11520,0,0,59,59,0,NULL,0,NULL,0,0,0,0,4,1,0,0,4,0,0,0,0,NULL,0,0,0,0,64,0,0,NULL,93,6,0,1,0,0,0,0,0,0,NULL,1,NULL,NULL,63,1,99,2
242,Erin,2021-07-14,28,GROWER,"GBN ","GBN ",106,19080,80,80,21,21,0,NULL,0,NULL,0,0,0,0,0,4,0,1,4,0,5,3,3,NULL,0,0,0,0,107,-1,75,NULL,20,0,0,2,1,3,3,0,1,0,0,2,2,NULL,101,9,94,8
243,Erin,2021-07-15,28,GROWER,Springfield,Springfield,15,2700,13,13,1,1,0,NULL,0,NULL,0,0,0,0,0,0,0,0,3,0,0,0,0,NULL,0,0,0,0,15,1,90,NULL,7,0,0,3,0,0,0,0,0,0,NULL,NULL,NULL,NULL,14,1,97,7
244,Holly,2021-07-15,28,"GROWER WASHED","GBN ","GBN ",15,2700,11,11,2,2,0,NULL,0,NULL,0,0,0,0,0,0,0,1,1,0,0,0,0,NULL,0,0,0,0,14,1,78,NULL,14,0,0,8,0,0,0,0,0,0,NULL,NULL,NULL,NULL,13,2,92,14
245,Erin,2021-07-15,28,"JRE Washed","JRE Washed","JRE Washed",69,12420,58,58,7,7,0,NULL,0,NULL,0,0,0,0,0,13,1,3,5,0,0,0,0,NULL,0,0,0,0,70,-1,83,NULL,10,0,1,6,0,0,2,0,0,0,4,8,0,NULL,65,4,93,6
246,Erin,2021-07-15,28,GROWER,"GBN ","GBN ",48,8640,15,15,8,8,0,NULL,22,NULL,0,0,0,0,0,4,0,0,2,0,2,1,1,NULL,0,0,0,0,47,1,79,NULL,17,0,0,1,1,3,1,0,0,0,3,1,0,NULL,45,4,96,9
247,Erin,2021-07-15,28,JRE,JRE,JRE,215,38700,111,134,19,19,24,NULL,26,NULL,25,0,0,0,0,10,1,1,4,0,4,9,1,NULL,0,25,23,0,215,0,74,NULL,9,0,1,1,0,4,4,1,1,0,3,5,3,NULL,179,46,83,21
248,Erin,2021-07-15,28,GROWER,"Spring ranch tinies ","Spring ranch tinies ",128,23040,0,0,7,7,0,NULL,0,NULL,0,0,0,0,116,6,1,2,5,0,0,0,0,NULL,0,0,0,0,127,1,0,NULL,6,92,1,2,0,0,2,0,0,0,3,2,2,NULL,123,5,97,4
249,Erin,2021-07-19,29,JRE,JRE,JRE,268,48240,142,151,5,5,17,NULL,52,NULL,10,0,18,18,1,8,1,1,3,2,4,15,1,NULL,0,10,9,0,264,4,77,NULL,9,0,0,1,1,6,4,1,1,0,1,7,0,NULL,227,56,86,21
250,Erin,2021-07-19,29,GROWER,"GBN ","GBN ",192,34560,76,126,30,30,0,NULL,8,NULL,56,0,4,4,1,13,1,1,3,2,0,17,1,NULL,0,56,50,0,191,1,70,NULL,18,1,1,1,1,9,1,2,0,0,5,6,2,NULL,169,40,89,21
251,Erin,2021-07-20,29,GROWER,GBN,GBN,512,92160,285,285,44,44,15,NULL,71,NULL,32,29,21,21,3,34,3,6,4,2,3,30,1,NULL,0,0,0,0,510,2,70,NULL,18,1,1,1,1,6,8,5,1,1,16,15,4,NULL,453,89,89,18
252,Erin,2021-07-21,29,"GROWER WASHED","GBN ","GBN ",44,7920,36,36,7,7,0,NULL,0,NULL,0,0,0,0,0,0,0,0,4,0,0,0,0,NULL,0,0,0,0,44,0,82,NULL,16,0,0,2,0,0,1,0,0,0,NULL,NULL,NULL,NULL,43,1,98,2
253,Erin,2021-07-21,29,"JRE Washed","JRE Washed","JRE Washed",52,9360,29,29,5,5,0,NULL,15,NULL,0,0,0,0,1,7,1,2,0,0,0,0,0,NULL,0,0,0,0,53,-1,83,NULL,9,2,2,4,0,0,1,0,0,0,1,5,1,NULL,50,2,94,4
254,Erin,2021-07-21,29,GROWER,"Happy hens ","Happy hens ",28,5040,23,23,4,4,0,NULL,0,NULL,0,0,0,0,0,1,0,0,2,0,0,0,0,NULL,0,0,0,0,27,1,84,NULL,15,0,0,1,0,0,1,0,0,0,NULL,NULL,1,NULL,27,1,99,4
255,"Erin Hornwood",2021-07-22,29,JRE,NULL,JRE,99,17820,32,32,2,2,27,NULL,23,NULL,0,0,7,7,0,2,0,0,3,0,3,6,5,NULL,0,0,0,0,99,0,56,NULL,9,0,0,1,1,7,1,1,0,0,NULL,2,NULL,NULL,64,42,65,42
256,"Erin Hornwood",2021-07-22,29,GROWER,GBN,GBN,256,46080,124,157,21,16,0,NULL,25,NULL,43,11,19,19,2,14,1,2,1,1,4,17,2,NULL,5,31,28,0,252,4,72,NULL,18,1,0,1,1,7,4,9,1,2,6,6,2,NULL,230,44,91,17
257,"Erin Hornwood",2021-07-22,29,GROWER,"Vp 500s ","Vp 500s ",71,12780,0,0,5,5,0,NULL,0,NULL,0,0,0,0,61,10,1,3,5,0,0,0,0,NULL,0,0,0,0,71,0,0,NULL,7,86,1,5,0,0,1,0,0,0,2,1,7,NULL,66,5,93,7
258,"Erin Hornwood",2021-07-23,29,JRE,NULL,JRE,65,11700,53,53,1,1,0,NULL,0,NULL,5,5,0,0,0,2,0,0,2,0,3,5,1,NULL,0,0,0,0,65,1,82,NULL,9,0,0,1,1,8,0,1,0,0,NULL,2,1,NULL,59,12,91,18
259,"Erin Hornwood",2021-07-26,30,JRE,NULL,JRE,202,36360,134,134,18,18,33,33,0,NULL,0,0,0,0,0,8,1,2,0,2,1,10,5,0,0,0,0,0,201,1,67,16,9,0,1,1,1,5,3,1,1,0,2,4,2,NULL,185,28,92,14
260,"Erin Hornwood",2021-07-26,30,GROWER,"GBN ","GBN ",337,60660,101,151,28,28,31,31,74,NULL,63,7,21,21,2,18,2,2,1,2,1,12,4,0,0,55,50,0,333,4,68,9,17,1,1,1,1,4,8,4,1,1,5,8,5,NULL,314,36,94,11
261,"Erin Hornwood",2021-07-27,30,GROWER,"GBN ","GBN ",431,77580,206,256,38,38,0,0,66,NULL,56,0,44,44,3,23,2,3,0,3,4,13,4,0,0,56,50,0,430,1,75,0,19,1,1,1,1,3,6,8,1,1,6,9,9,NULL,407,37,95,9
262,"Erin Hornwood",2021-07-27,30,"JRE Washed",NULL,"JRE Washed",63,11340,53,53,7,7,0,0,0,NULL,0,0,0,0,0,10,1,2,0,0,0,0,0,0,0,0,0,0,63,0,84,0,11,0,2,3,0,0,1,0,0,0,0,8,2,NULL,60,3,95,5
263,"Erin Hornwood",2021-07-27,30,"GROWER WASHED","GBN ","GBN ",34,6120,12,28,22,6,0,0,0,NULL,0,0,0,0,0,2,0,0,4,0,0,0,0,0,16,0,0,0,35,-1,81,0,17,0,0,2,0,0,0,0,0,0,0,2,0,NULL,34,0,98,0
264,"Erin Hornwood",2021-07-28,30,"GROWER WASHED","GBN ","GBN ",8,1440,2,2,2,2,0,0,4,NULL,0,0,0,0,0,0,0,0,1,0,0,0,0,0,0,0,0,0,8,0,73,0,25,0,0,2,0,0,0,0,0,0,0,0,0,NULL,8,0,98,0
265,"Kelly  Simpson ",2021-07-28,30,"JRE Washed",NULL,"JRE Washed",5,900,3,3,0,0,0,0,2,NULL,0,0,0,0,0,1,0,0,1,0,0,0,0,0,0,0,0,0,5,0,97,0,0,0,0,3,0,0,0,0,0,0,1,NULL,NULL,NULL,5,0,97,0
266,"Erin Hornwood",2021-07-28,30,JRE,NULL,JRE,203,36540,125,125,6,6,0,0,45,NULL,14,13,0,0,1,9,1,1,5,0,5,5,5,0,0,0,0,0,199,4,85,0,9,1,1,1,0,3,3,1,1,0,1,3,5,NULL,190,19,95,10
267,"Erin Hornwood",2021-07-28,30,GROWER,"Happy hens ","Happy hens ",10,1800,5,5,1,1,0,0,4,NULL,0,0,0,0,0,0,0,0,1,0,0,0,0,0,0,0,0,0,10,0,89,0,10,0,0,2,0,0,0,0,0,0,NULL,NULL,NULL,NULL,10,0,98,0
268,"Erin Hornwood",2021-07-28,30,GROWER,"Vp tinies ","Vp tinies ",57,10260,0,0,2,2,0,0,0,NULL,0,0,0,0,49,6,1,4,1,0,0,0,0,0,0,0,0,0,56,1,0,0,4,87,2,7,0,0,0,2,0,0,NULL,0,6,NULL,51,6,91,11
269,"Erin Hornwood",2021-07-29,30,GROWER,"GBN ","GBN ",280,50400,121,162,29,29,0,0,25,NULL,45,0,14,14,1,15,1,2,0,2,2,42,5,0,0,45,41,0,279,1,67,0,15,0,0,1,1,15,3,2,1,0,3,5,6,NULL,231,92,83,33
270,"Erin Hornwood",2021-07-29,30,GROWER,"Vcrn 600s","Vcrn 600s",108,19440,0,0,101,101,0,0,0,NULL,0,0,0,0,4,7,1,0,3,0,0,0,0,0,0,0,0,0,107,2,0,0,95,4,1,1,0,0,1,0,0,0,1,0,6,NULL,105,3,99,3
271,"Erin Hornwood",2021-07-30,30,GROWER,"Vcrn 600s","Vcrn 600s",20,3600,0,0,20,20,0,0,0,NULL,0,0,0,0,1,0,0,0,2,0,0,0,0,0,0,0,0,0,21,-1,0,0,94,5,0,2,0,0,0,0,0,0,NULL,NULL,0,NULL,21,-1,98,-5
272,"Erin Hornwood",2021-07-30,30,GROWER,"GBN ","GBN ",168,30240,78,78,19,19,0,0,41,NULL,0,0,10,10,1,10,1,2,0,1,4,11,1,0,0,0,0,0,165,3,72,0,18,1,1,1,1,7,6,8,1,1,4,3,3,NULL,149,30,90,18
275,"Erin Hornwood",2021-07-30,30,"GROWER WASHED","GBN ","GBN ",40,7200,13,32,1,1,0,0,0,NULL,27,5,0,0,0,1,0,1,3,0,0,0,0,0,0,21,19,0,40,0,80,0,16,0,0,4,0,0,0,0,0,0,NULL,NULL,1,NULL,38,2,96,4
276,"Erin Hornwood",2021-07-30,30,JRE,NULL,JRE,69,12420,54,54,2,2,5,5,0,NULL,5,5,0,0,0,6,1,1,2,0,3,1,1,0,0,0,0,0,70,-1,78,7,9,0,1,2,1,2,0,1,0,0,2,3,2,NULL,66,5,94,7
277,"Erin Hornwood",2021-08-02,31,JRE,NULL,JRE,205,36900,104,104,4,4,22,22,48,NULL,6,5,10,10,1,11,1,1,5,0,4,6,1,0,0,0,0,0,204,1,75,11,10,1,1,1,0,3,3,3,1,1,1,8,3,NULL,194,17,95,8
278,"Erin Hornwood",2021-08-02,31,"JRE Washed",NULL,"JRE Washed",27,4860,23,23,1,1,0,0,0,NULL,3,3,0,0,0,1,0,1,0,0,0,0,0,0,0,0,0,0,28,-1,83,0,13,0,0,4,0,0,0,0,0,0,NULL,1,NULL,NULL,27,0,96,1
279,"Erin Hornwood",2021-08-02,31,GROWER,GBN,GBN,205,36900,124,138,16,16,18,18,0,NULL,35,17,2,2,1,13,1,3,4,1,3,4,1,0,0,16,14,0,203,2,68,9,17,1,1,2,1,2,3,4,1,1,6,4,4,NULL,193,17,95,8
280,"Erin Hornwood",2021-08-03,31,GROWER,GBN,GBN,432,77760,215,238,61,61,34,34,48,NULL,26,0,22,22,3,25,2,4,4,2,4,12,4,0,0,26,23,0,428,4,67,8,19,1,1,1,1,3,4,6,1,1,8,8,9,NULL,406,38,95,9
281,"Erin Hornwood",2021-08-04,31,GROWER,GBN,GBN,131,23580,30,65,13,13,11,11,26,NULL,39,0,10,10,1,7,1,1,1,0,2,0,2,0,0,39,35,0,129,2,71,9,18,1,1,1,0,0,2,3,0,1,2,1,4,NULL,126,5,98,4
282,"Erin Hornwood",2021-08-04,31,"GROWER WASHED",GBN,GBN,25,4500,6,18,4,4,3,3,0,NULL,13,0,0,0,0,1,0,0,5,0,0,0,0,0,0,13,12,0,26,-1,69,12,16,0,0,3,0,0,1,0,0,0,NULL,NULL,1,NULL,25,0,97,1
283,"Erin Hornwood",2021-08-04,31,"JRE Washed",NULL,"JRE Washed",13,2340,7,9,2,2,2,2,0,NULL,2,0,0,0,0,1,0,0,2,0,0,0,0,0,0,2,2,0,13,0,67,15,15,0,0,3,0,0,0,0,0,0,0,1,0,NULL,13,0,97,2
284,"Erin Hornwood",2021-08-04,31,JRE,NULL,JRE,180,32400,94,110,35,19,5,5,29,NULL,0,0,3,3,1,13,1,1,1,2,4,6,0,0,16,0,0,0,178,2,78,3,12,1,1,1,2,3,2,2,0,0,1,5,7,NULL,167,19,94,11
285,"Erin Hornwood",2021-08-05,31,GROWER,GBN,GBN,154,27720,55,58,9,9,0,0,58,NULL,3,0,20,20,1,11,1,1,0,0,3,4,0,0,0,3,3,0,152,2,76,0,19,1,1,1,0,3,4,5,1,1,2,4,5,NULL,146,12,96,8
286,"Bec  Jacobson",2021-08-06,31,GROWER,GBN,GBN,358,64440,228,228,32,32,0,0,8,NULL,44,40,32,32,2,0,0,3,0,2,4,12,3,0,0,0,0,0,360,-2,66,0,29,1,0,1,1,4,8,7,1,1,NULL,NULL,NULL,NULL,342,29,95,8
287,"Erin Hornwood",2021-08-09,32,JRE,NULL,JRE,281,50580,137,147,20,20,46,46,46,NULL,20,8,0,0,1,16,2,4,3,1,4,3,2,0,0,11,10,0,280,2,69,17,10,0,1,2,1,1,5,2,1,0,1,7,8,NULL,268,16,96,6
288,"Erin Hornwood",2021-08-09,32,GROWER,"Valley park tiny ","Valley park tiny ",64,11520,1,1,17,17,1,1,0,NULL,0,0,0,0,32,11,1,9,2,0,0,0,0,0,0,0,0,0,61,3,2,2,28,52,2,15,0,0,9,0,2,0,0,1,9,NULL,51,13,83,21
289,"Erin Hornwood",2021-08-09,32,JRE,NULL,JRE,64,11520,19,44,1,1,12,12,0,NULL,28,0,4,4,0,5,0,0,3,0,1,0,3,0,0,28,25,0,62,2,71,19,8,0,0,1,0,1,0,1,0,0,0,2,3,NULL,61,3,98,5
290,"Erin Hornwood",2021-08-10,32,GROWER,"GBN ","GBN ",522,93960,215,277,43,43,17,17,96,NULL,69,0,54,54,4,37,4,5,2,5,0,15,2,0,0,69,62,0,521,1,72,3,19,1,1,1,1,3,7,7,1,1,9,12,16,NULL,491,46,94,9
291,"Erin Hornwood",2021-08-11,32,GROWER,"GBN ","GBN ",182,32760,130,130,28,28,0,0,4,NULL,0,0,8,8,1,8,1,1,4,1,1,5,4,0,0,0,0,0,181,2,74,0,20,1,1,1,1,3,1,1,0,0,4,2,3,NULL,171,17,95,9
292,"Erin Hornwood",2021-08-11,32,GROWER,"Happy hens ","Happy hens ",18,3240,15,15,2,2,0,0,0,NULL,0,0,0,0,0,0,0,0,1,0,0,0,0,0,0,0,0,0,17,1,87,0,12,0,0,1,0,0,0,0,0,0,NULL,NULL,NULL,NULL,17,1,99,6
293,"Erin Hornwood",2021-08-11,32,"JRE Washed",NULL,"JRE Washed",33,5940,28,28,4,4,0,0,0,NULL,0,0,0,0,0,4,0,0,4,0,0,0,0,0,0,0,0,0,33,0,86,0,12,0,0,2,0,0,0,0,0,0,1,3,0,NULL,32,1,98,3
294,"Erin Hornwood",2021-08-11,32,"GROWER WASHED","GBN ","GBN ",22,3960,17,17,4,4,0,0,0,NULL,0,0,0,0,0,0,0,0,2,0,0,0,0,0,0,0,0,0,21,1,80,0,19,0,0,2,0,0,0,0,0,0,NULL,NULL,NULL,NULL,21,1,98,5
295,"Erin Hornwood",2021-08-11,32,JRE,NULL,JRE,36,6480,30,30,4,4,0,0,0,NULL,0,0,0,0,0,2,0,0,2,0,1,0,4,0,0,0,0,0,35,1,NULL,NULL,NULL,NULL,0,1,1,2,0,0,0,0,NULL,2,NULL,NULL,34,3,97,9
296,"Erin Hornwood",2021-08-12,32,"JRE Washed",NULL,"JRE Washed",6,1080,5,5,0,0,0,0,0,NULL,0,0,0,0,0,0,0,0,1,0,0,0,0,0,0,0,0,0,5,1,NULL,NULL,NULL,NULL,0,3,0,0,0,0,0,0,NULL,NULL,NULL,NULL,5,1,97,23
297,"Erin Hornwood",2021-08-12,32,"GROWER WASHED","GBN ","GBN ",13,2340,10,10,2,2,0,0,0,NULL,0,0,0,0,0,0,0,0,2,0,0,0,0,0,0,0,0,0,12,1,NULL,NULL,NULL,NULL,0,3,0,0,0,0,0,0,NULL,NULL,NULL,NULL,12,1,97,11
298,"Erin Hornwood",2021-08-12,32,GROWER,"Green 600s ","Green 600s ",64,11520,0,0,61,61,0,0,0,NULL,0,0,0,0,2,1,0,0,2,0,0,0,0,0,0,0,0,0,63,1,NULL,NULL,NULL,NULL,0,1,0,0,1,0,0,0,1,0,0,NULL,63,1,99,2
299,"Erin Hornwood",2021-08-12,32,GROWER,"GBN ","GBN ",259,46620,81,124,13,13,0,0,67,NULL,48,0,35,35,2,12,1,4,2,4,2,7,1,0,0,48,43,0,258,1,NULL,NULL,NULL,NULL,0,2,2,3,6,5,1,1,0,6,5,NULL,241,27,93,11
300,"Erin Hornwood",2021-08-13,32,GROWER,"GBN ","GBN ",253,45540,174,187,19,19,0,0,0,NULL,14,0,31,31,2,12,1,3,0,3,1,7,1,0,0,14,13,0,253,0,NULL,NULL,NULL,NULL,0,1,1,3,3,4,1,1,5,4,3,NULL,239,22,94,9
301,"Erin Hornwood",2021-08-16,33,JRE,NULL,JRE,360,64800,104,166,31,31,63,63,76,NULL,69,0,0,0,1,30,3,6,1,4,1,7,0,0,0,69,62,0,357,3,NULL,NULL,NULL,NULL,1,2,1,2,4,4,1,1,11,12,8,NULL,337,36,94,10
302,"Erin Hornwood",2021-08-16,33,GROWER,"GBN - Goulburn","GBN - Goulburn",147,26460,76,95,25,25,11,11,0,NULL,21,0,4,4,1,11,1,1,0,0,2,6,1,0,0,21,19,0,144,3,NULL,NULL,NULL,NULL,1,1,0,4,2,2,0,0,2,5,4,NULL,136,13,94,9
303,"Erin Hornwood",2021-08-17,33,GROWER,"GBN - Goulburn","GBN - Goulburn",479,86220,209,260,62,62,16,16,81,NULL,57,0,30,30,3,31,3,6,2,3,3,13,1,0,0,57,51,0,478,1,NULL,NULL,NULL,NULL,1,1,1,3,5,6,1,1,10,11,11,NULL,452,39,95,8
304,"Erin Hornwood",2021-08-19,33,"JRE Washed",NULL,"JRE Washed",38,6840,17,17,3,3,0,0,15,NULL,0,0,0,0,0,5,0,1,5,0,0,0,0,0,0,0,0,0,37,1,NULL,NULL,NULL,NULL,0,5,0,0,1,0,0,0,0,4,1,NULL,35,5,95,13
305,"Erin Hornwood",2021-08-19,33,"GROWER WASHED","GBN - Goulburn","GBN - Goulburn",30,5400,15,15,6,6,0,0,8,NULL,0,0,0,0,0,1,0,1,5,0,0,0,0,0,0,0,0,0,31,-1,NULL,NULL,NULL,NULL,0,6,0,0,0,0,0,0,NULL,1,NULL,NULL,29,3,94,9
306,"Erin Hornwood",2021-08-19,33,GROWER,"GBN - Goulburn","GBN - Goulburn",14,2520,9,9,4,4,0,0,0,NULL,0,0,0,0,0,0,0,0,1,0,1,0,2,0,0,0,0,0,14,0,NULL,NULL,NULL,NULL,0,1,1,2,0,0,0,0,NULL,NULL,NULL,NULL,13,1,95,11
307,"Erin Hornwood",2021-08-19,33,GROWER,"GRN - Green Eggs","GRN - Green Eggs",138,24840,1,1,131,131,0,0,0,NULL,0,0,0,0,4,0,0,1,1,0,0,0,0,0,0,0,0,0,137,1,NULL,NULL,NULL,NULL,0,1,0,0,0,0,0,0,0,NULL,NULL,NULL,136,3,99,2
308,"Erin Hornwood",2021-08-19,33,GROWER,"GBN - Goulburn","GBN - Goulburn",195,35100,141,141,24,24,0,0,0,NULL,0,0,18,18,1,16,2,1,3,0,1,6,3,0,0,0,0,0,194,1,NULL,NULL,NULL,NULL,1,1,0,3,3,3,1,1,4,8,4,NULL,184,15,95,8
309,"Erin Hornwood",2021-08-20,33,GROWER,"GBN - Goulburn","GBN - Goulburn",445,80100,206,265,35,35,0,0,76,NULL,66,0,36,36,4,28,3,6,2,2,4,13,5,0,0,66,59,0,442,3,NULL,NULL,NULL,NULL,1,1,1,3,5,5,1,1,9,9,10,NULL,416,41,94,9
310,"Erin Hornwood",2021-08-23,34,JRE,NULL,JRE,414,74520,218,255,27,27,40,40,49,NULL,55,13,0,0,3,63,6,7,5,2,2,10,5,0,0,41,37,0,414,1,NULL,NULL,NULL,NULL,2,2,1,3,11,5,2,1,18,20,25,NULL,387,44,93,11
311,"Erin Hornwood",2021-08-24,34,GROWER,"GBN - Goulburn","GBN - Goulburn",476,85680,181,229,52,52,26,26,84,NULL,53,0,51,51,5,27,3,5,3,3,2,11,5,0,0,53,48,0,470,6,NULL,NULL,NULL,NULL,1,1,1,3,9,9,2,2,8,11,8,NULL,447,41,95,9
312,"Erin Hornwood",2021-08-25,34,GROWER,"GBN - Goulburn","GBN - Goulburn",228,41040,105,136,16,16,0,0,26,NULL,34,0,36,36,2,11,1,1,5,1,3,6,3,0,0,34,31,0,226,2,NULL,NULL,NULL,NULL,0,1,1,3,3,2,1,0,3,4,4,NULL,216,16,95,7
313,"Erin Hornwood",2021-08-25,34,"JRE Washed",NULL,"JRE Washed",38,6840,31,31,4,4,0,0,0,NULL,0,0,0,0,0,3,0,0,5,0,0,0,0,0,0,0,0,0,36,2,NULL,NULL,NULL,NULL,0,2,0,0,2,0,0,0,0,3,0,NULL,35,4,98,11
314,"Erin Hornwood",2021-08-25,34,JRE,NULL,JRE,72,12960,47,47,6,6,12,12,0,NULL,0,0,0,0,2,9,1,0,4,0,2,2,3,0,0,0,0,0,72,1,NULL,NULL,NULL,NULL,1,1,1,4,1,2,0,0,3,3,3,NULL,67,7,94,9
315,"Erin Hornwood",2021-08-26,34,"GROWER WASHED","GBN - Goulburn","GBN - Goulburn",39,7020,28,28,8,8,0,0,0,NULL,0,0,0,0,1,0,0,0,5,0,0,0,0,0,0,0,0,0,38,1,NULL,NULL,NULL,NULL,0,2,0,0,1,0,0,0,NULL,NULL,NULL,NULL,37,3,98,7
316,"Erin Hornwood",2021-08-26,34,GROWER,"HH - Happy Hens","HH - Happy Hens",17,3060,15,15,1,1,0,0,0,NULL,0,0,0,0,0,0,0,0,1,0,0,0,0,0,0,0,0,0,16,1,NULL,NULL,NULL,NULL,0,1,0,0,1,0,0,0,NULL,NULL,NULL,NULL,16,1,99,7
317,"Erin Hornwood",2021-08-26,34,GROWER,"GRN - Green Eggs","GRN - Green Eggs",144,25920,0,0,137,137,0,0,0,NULL,0,0,0,0,5,4,0,1,0,0,0,0,0,0,0,0,0,0,143,1,NULL,NULL,NULL,NULL,0,1,0,0,2,0,0,0,1,1,2,NULL,142,3,99,2
318,"Erin Hornwood",2021-08-26,34,GROWER,"GBN - Goulburn","GBN - Goulburn",257,46260,80,92,38,38,13,13,76,NULL,16,3,12,12,2,20,2,5,0,2,3,8,4,0,0,13,12,0,254,3,NULL,NULL,NULL,NULL,1,2,1,3,5,5,1,1,8,8,5,NULL,235,31,93,12
319,"Erin Hornwood",2021-08-27,34,GROWER,"GBN - Goulburn","GBN - Goulburn",255,45900,183,183,16,16,1,1,0,NULL,41,37,4,4,2,12,1,2,1,1,2,6,5,0,0,0,0,0,254,1,NULL,NULL,NULL,NULL,0,1,1,3,3,1,1,0,4,5,3,NULL,243,16,96,6
320,"Bec  Jacobson",2021-08-27,34,JRE,NULL,JRE,96,17280,58,58,4,4,15,15,0,NULL,0,0,5,5,8,12,1,1,3,0,4,3,0,0,0,0,0,0,96,0,NULL,NULL,NULL,NULL,1,2,1,3,1,1,0,0,3,4,5,NULL,90,9,94,9
321,"Erin Hornwood",2021-08-30,35,JRE,NULL,JRE,445,80100,198,234,20,20,46,46,57,NULL,76,32,0,0,26,51,5,6,3,2,4,13,2,0,0,40,36,0,443,2,NULL,NULL,NULL,NULL,1,2,1,3,10,3,2,1,16,18,17,NULL,415,43,94,10
322,"Erin Hornwood",2021-08-31,35,GROWER,"GBN - Goulburn","GBN - Goulburn",555,99900,238,274,33,33,12,12,110,NULL,79,35,48,48,5,35,4,10,4,3,4,16,3,0,0,40,36,0,552,3,NULL,NULL,NULL,NULL,1,2,1,3,4,7,1,1,13,13,9,NULL,517,56,94,10
323,"Shannyn Powell",2021-09-01,35,GROWER,"GBN - Goulburn","GBN - Goulburn",213,38340,86,86,46,46,8,8,59,NULL,0,0,0,0,2,14,1,2,3,1,1,8,0,0,0,0,0,0,214,-1,NULL,NULL,NULL,NULL,1,1,1,4,2,2,0,0,5,8,2,NULL,201,17,94,8
324,"Erin Hornwood",2021-09-01,35,JRE,NULL,JRE,142,25560,59,59,16,16,23,23,21,NULL,0,0,5,5,9,12,1,3,2,1,0,3,4,0,0,0,0,0,142,0,NULL,NULL,NULL,NULL,1,2,1,3,2,1,0,0,2,8,2,NULL,133,14,94,10
325,"Erin Hornwood",2021-09-01,35,GROWER,"HH - Happy Hens","HH - Happy Hens",14,2520,12,12,0,0,0,0,0,NULL,0,0,0,0,0,0,0,0,2,0,1,0,0,0,0,0,0,0,13,2,NULL,NULL,NULL,NULL,0,3,1,0,0,0,0,0,NULL,NULL,NULL,NULL,12,2,96,19
326,"Shannyn Powell",2021-09-02,35,"JRE Washed",NULL,"JRE Washed",33,5940,20,20,1,1,0,0,6,NULL,3,3,0,0,0,5,0,1,2,0,0,0,0,0,0,0,0,0,31,2,NULL,NULL,NULL,NULL,0,4,0,0,0,0,0,0,2,3,NULL,NULL,30,5,96,15
327,"Shannyn Powell",2021-09-02,35,"GROWER WASHED","GBN - Goulburn","GBN - Goulburn",31,5580,23,23,2,2,0,0,0,NULL,5,5,0,0,1,0,0,1,3,0,0,0,0,0,0,0,0,0,32,-1,NULL,NULL,NULL,NULL,0,5,0,0,0,0,0,0,0,NULL,NULL,NULL,31,2,95,6
328,"Shannyn Powell",2021-09-02,35,JRE,NULL,JRE,82,14760,60,60,6,6,0,0,0,NULL,7,6,0,0,5,2,0,1,2,0,3,2,0,0,0,0,0,0,81,1,NULL,NULL,NULL,NULL,0,2,1,3,1,0,0,0,NULL,2,1,NULL,77,6,95,7
329,"Erin Hornwood",2021-09-02,35,GROWER,"GBN - Goulburn","GBN - Goulburn",256,46080,159,182,32,32,0,0,0,NULL,50,23,0,0,2,24,2,5,0,1,4,9,0,0,0,25,23,0,256,0,NULL,NULL,NULL,NULL,1,2,1,4,3,4,1,1,5,16,3,NULL,238,26,93,10
330,"Erin Hornwood",2021-09-03,35,JRE,NULL,JRE,81,14580,51,51,7,7,6,6,0,NULL,5,5,2,2,5,12,1,2,2,0,2,2,2,0,0,0,0,0,82,-1,NULL,NULL,NULL,NULL,1,3,0,3,1,1,0,0,NULL,2,10,NULL,76,9,93,11
331,"Erin Hornwood",2021-09-06,36,JRE,NULL,JRE,100,18000,24,24,8,8,16,16,34,NULL,9,8,0,0,4,4,0,0,5,0,2,3,0,0,0,0,0,0,98,2,NULL,NULL,NULL,NULL,0,1,0,3,3,1,1,0,2,1,1,NULL,94,7,96,7
332,"Erin Hornwood",2021-09-06,36,GROWER,"GBN - Goulburn","GBN - Goulburn",294,52920,141,165,20,20,19,19,14,NULL,63,32,15,15,4,19,2,5,5,2,1,10,3,0,0,27,24,0,290,4,NULL,NULL,NULL,NULL,1,2,1,4,6,3,1,1,3,8,8,NULL,270,34,93,12
333,"Erin Hornwood",2021-09-07,36,GROWER,"GBN - Goulburn","GBN - Goulburn",474,85320,187,237,32,32,13,13,80,NULL,56,0,73,73,5,39,4,8,4,3,1,17,1,0,0,56,50,0,473,1,NULL,NULL,NULL,NULL,1,2,1,4,9,12,2,2,5,12,22,NULL,440,49,93,10
334,"Erin Hornwood",2021-09-07,36,JRE,NULL,JRE,49,8820,27,27,4,4,8,8,0,NULL,5,5,0,0,2,6,1,0,3,0,2,2,0,0,0,0,0,0,49,0,NULL,NULL,NULL,NULL,2,1,1,4,1,0,0,0,NULL,2,4,NULL,46,5,92,10
335,"Erin Hornwood",2021-09-08,36,GROWER,"GRN - Green Eggs","GRN - Green Eggs",134,24120,3,3,121,121,0,0,0,NULL,0,0,0,0,5,9,1,1,2,0,0,0,0,0,0,0,0,0,131,3,NULL,NULL,NULL,NULL,1,1,0,0,1,2,0,0,1,2,7,NULL,129,7,98,6
336,"Erin Hornwood",2021-09-08,36,JRE,NULL,JRE,233,41940,98,98,37,37,30,30,28,NULL,11,10,0,0,12,20,2,1,2,1,2,8,2,0,0,0,0,0,228,5,NULL,NULL,NULL,NULL,1,1,1,4,7,0,1,0,4,7,8,NULL,215,22,94,10
337,"Erin Hornwood",2021-09-08,36,"GROWER WASHED","GBN - Goulburn","GBN - Goulburn",40,7200,28,28,2,2,0,0,0,NULL,7,6,0,0,1,2,0,2,2,0,0,0,0,0,0,0,0,0,40,0,NULL,NULL,NULL,NULL,0,6,0,0,2,0,0,0,NULL,NULL,2,NULL,37,5,94,13
338,"Erin Hornwood",2021-09-08,36,GROWER,"HH - Happy Hens","HH - Happy Hens",16,2880,14,14,0,0,0,0,0,NULL,1,1,0,0,0,0,0,0,3,0,0,0,0,0,0,0,0,0,15,1,NULL,NULL,NULL,NULL,0,3,0,0,2,0,0,0,NULL,NULL,NULL,NULL,15,2,97,10
339,"Erin Hornwood",2021-09-09,36,"JRE Washed",NULL,"JRE Washed",44,7920,10,10,3,3,6,6,16,NULL,4,4,0,0,2,6,1,1,3,0,0,0,0,0,0,0,0,0,43,1,NULL,NULL,NULL,NULL,2,4,0,0,0,1,0,0,3,3,0,NULL,41,6,94,14
340,"Shannyn Powell",2021-09-09,36,GROWER,"GBN - Goulburn","GBN - Goulburn",218,39240,76,76,12,12,15,15,56,NULL,33,30,0,0,2,9,1,3,2,0,4,18,3,0,0,0,0,0,214,4,NULL,NULL,NULL,NULL,1,2,0,9,4,6,1,1,3,6,1,NULL,191,32,89,15
341,"Erin Hornwood",2021-09-10,36,GROWER,"GBN - Goulburn","GBN - Goulburn",320,57600,213,213,41,41,3,3,0,NULL,33,30,2,2,3,14,1,4,5,4,0,17,3,0,0,0,0,0,319,1,NULL,NULL,NULL,NULL,0,2,1,6,3,6,1,1,5,6,4,"Very dirty eggs ",292,38,91,12
342,"Erin Hornwood",2021-09-13,37,JRE,NULL,JRE,385,69300,112,148,36,36,48,48,72,NULL,65,23,19,19,13,15,1,7,3,2,0,13,5,0,0,40,36,0,383,2,NULL,NULL,NULL,NULL,0,2,1,4,8,8,1,1,5,8,2,NULL,359,37,94,10
343,"Erin Hornwood",2021-09-13,37,"GROWER WASHED","GBN - Goulburn","GBN - Goulburn",36,6480,26,26,2,2,0,0,0,NULL,6,5,0,0,1,0,0,1,0,0,0,0,0,0,0,0,0,0,35,1,NULL,NULL,NULL,NULL,0,3,0,0,3,0,1,0,NULL,NULL,NULL,NULL,34,3,97,7
344,"Erin Hornwood",2021-09-13,37,GROWER,"GBN - Goulburn","GBN - Goulburn",51,9180,34,34,4,4,0,0,0,NULL,0,0,8,8,1,3,0,0,4,0,2,1,3,0,0,0,0,0,50,2,NULL,NULL,NULL,NULL,0,1,1,3,2,2,0,0,2,1,0,NULL,47,5,95,9
345,"Erin Hornwood",2021-09-14,37,GROWER,"GBN - Goulburn","GBN - Goulburn",563,101340,223,277,40,40,34,34,73,NULL,60,0,90,90,6,24,2,12,4,5,3,22,2,0,0,60,54,0,563,1,NULL,NULL,NULL,NULL,0,2,1,4,4,4,1,1,8,10,5,NULL,520,63,92,11
346,"Erin Hornwood",2021-09-15,37,GROWER,"GBN - Goulburn","GBN - Goulburn",64,11520,13,13,5,5,4,4,29,NULL,0,0,10,10,1,2,0,1,0,0,2,1,5,0,0,0,0,0,65,-1,NULL,NULL,NULL,NULL,0,2,1,3,2,2,0,0,1,1,NULL,NULL,62,3,95,5
347,"Erin Hornwood",2021-09-15,37,"JRE Washed",NULL,"JRE Washed",25,4500,5,5,2,2,4,4,8,NULL,3,3,0,0,0,4,0,1,3,0,0,0,0,0,0,0,0,0,23,2,NULL,NULL,NULL,NULL,0,7,0,0,1,1,0,0,3,1,NULL,NULL,22,5,94,21
348,"Erin Hornwood",2021-09-15,37,JRE,NULL,JRE,155,27900,95,95,14,14,9,9,4,NULL,20,18,0,0,4,4,0,2,5,0,5,8,0,0,0,0,0,0,156,-1,NULL,NULL,NULL,NULL,0,2,1,5,1,1,0,0,1,2,0,NULL,144,14,93,9
349,"Erin Hornwood",2021-09-15,37,"JRE Washed",NULL,"JRE Washed",23,4140,17,17,2,2,0,0,0,NULL,3,3,0,0,1,4,0,0,5,0,0,0,0,0,0,0,0,0,24,-1,NULL,NULL,NULL,NULL,0,4,0,0,0,0,0,0,NULL,4,NULL,NULL,23,1,97,5
350,"Erin Hornwood",2021-09-15,37,"GROWER WASHED","GBN - Goulburn","GBN - Goulburn",21,3780,14,14,1,1,0,0,0,NULL,3,3,0,0,0,0,0,0,5,0,0,0,0,0,0,0,0,0,19,2,NULL,NULL,NULL,NULL,0,5,0,0,1,0,0,0,NULL,NULL,NULL,NULL,18,4,96,22
351,"Bec  Jacobson",2021-09-16,37,GROWER,"GBN - Goulburn","GBN - Goulburn",277,49860,136,136,14,14,13,13,68,NULL,38,34,0,0,2,0,0,2,5,1,3,5,2,0,0,0,0,0,277,0,NULL,NULL,NULL,NULL,0,1,1,2,5,5,1,1,NULL,NULL,NULL,NULL,267,14,97,5
352,"Erin Hornwood",2021-09-17,37,GROWER,"GBN - Goulburn","GBN - Goulburn",363,65340,185,185,42,42,24,24,40,NULL,33,30,13,13,3,14,1,7,0,2,5,12,0,0,0,0,0,0,360,3,NULL,NULL,NULL,NULL,0,2,1,3,8,9,1,2,4,8,2,NULL,337,36,94,10
353,"Erin Hornwood",2021-09-17,37,GROWER,"GY - Golden Yolk","GY - Golden Yolk",16,2880,11,11,1,1,1,1,0,NULL,0,0,2,2,1,0,0,0,1,0,1,0,1,0,0,0,0,0,17,-1,NULL,NULL,NULL,NULL,0,1,1,1,0,0,0,0,NULL,NULL,NULL,NULL,16,0,97,1
354,"Kelly  Simpson ",2021-09-20,38,JRE,NULL,JRE,381,68580,160,196,31,31,57,57,24,NULL,80,36,11,11,8,27,3,5,2,1,2,5,5,0,0,40,36,0,379,3,NULL,NULL,NULL,NULL,1,1,0,2,6,3,1,1,12,10,5,NULL,363,27,96,7
355,"Kelly  Simpson ",2021-09-20,38,NULL,"GY - Golden Yolk",NULL,48,8640,34,34,2,2,3,3,0,NULL,0,0,5,5,3,1,0,1,2,0,0,0,2,0,0,0,0,0,49,-1,NULL,NULL,NULL,NULL,0,3,0,1,0,3,0,1,1,0,0,NULL,47,2,97,5
356,"Kelly  Simpson ",2021-09-20,38,NULL,"GBN - Goulburn",NULL,14,2520,9,9,1,1,1,1,0,NULL,0,0,1,1,1,0,0,0,1,0,0,0,2,0,0,0,0,0,14,1,NULL,NULL,NULL,NULL,0,1,0,3,0,0,0,0,NULL,NULL,NULL,NULL,13,1,96,9
357,"Kelly  Simpson ",2021-09-21,38,GROWER,"GBN - Goulburn","GBN - Goulburn",554,99720,237,285,48,48,38,38,65,NULL,53,0,68,68,6,24,2,5,4,5,3,25,5,0,0,53,48,0,549,5,NULL,NULL,NULL,NULL,0,1,1,5,0,0,0,0,11,10,3,NULL,510,57,93,10
358,"Erin Hornwood",2021-09-22,38,"GROWER WASHED","GBN - Goulburn","GBN - Goulburn",30,5400,20,20,6,6,2,2,0,NULL,0,0,0,0,0,0,0,1,3,0,0,0,0,0,0,0,0,0,30,1,NULL,NULL,NULL,NULL,0,5,0,0,1,0,0,0,NULL,NULL,NULL,NULL,28,4,95,12
359,"Shannyn Powell",2021-09-22,38,"JRE Washed",NULL,"JRE Washed",29,5220,23,23,4,4,0,0,0,NULL,0,0,0,0,0,2,0,1,2,0,0,0,0,0,0,0,0,0,28,1,NULL,NULL,NULL,NULL,0,5,0,0,1,0,0,0,NULL,2,NULL,NULL,27,3,95,12
360,"Shannyn Powell",2021-09-22,38,JRE,NULL,JRE,152,27360,35,35,11,11,23,23,52,NULL,20,18,0,0,2,8,1,2,1,1,2,5,1,0,0,0,0,0,151,1,NULL,NULL,NULL,NULL,1,1,1,3,2,0,0,0,2,5,1,NULL,141,15,94,10
361,"Shannyn Powell",2021-09-22,38,GROWER,"GBN - Goulburn","GBN - Goulburn",200,36000,89,89,12,12,15,15,38,NULL,33,30,0,0,2,16,2,4,0,2,3,6,1,0,0,0,0,0,200,0,NULL,NULL,NULL,NULL,1,2,1,3,4,3,1,1,7,7,3,NULL,186,22,93,11
362,"Shannyn Powell",2021-09-22,38,GROWER,"HH - Happy Hens","HH - Happy Hens",15,2700,11,11,0,0,3,3,0,NULL,1,1,0,0,0,0,0,0,2,0,0,0,0,0,0,0,0,0,15,0,NULL,NULL,NULL,NULL,0,2,0,0,0,0,0,0,NULL,NULL,NULL,NULL,15,0,98,3
363,"Shannyn Powell",2021-09-22,38,"GROWER WASHED","GBN - Goulburn","GBN - Goulburn",14,2520,9,9,1,1,0,0,0,NULL,2,2,0,0,0,0,0,0,4,0,0,0,0,0,0,0,0,0,12,2,NULL,NULL,NULL,NULL,0,5,0,0,0,0,0,0,NULL,NULL,0,NULL,12,3,95,23
364,"Shannyn Powell",2021-09-23,38,GROWER,"GBN - Goulburn","GBN - Goulburn",256,46080,131,131,29,29,16,16,0,NULL,56,50,0,0,3,12,1,2,4,2,5,17,0,0,0,0,0,0,253,3,NULL,NULL,NULL,NULL,0,1,1,7,2,5,0,1,2,8,2,NULL,229,32,91,13
365,"Shannyn Powell",2021-09-27,39,JRE,NULL,JRE,322,57960,164,164,14,14,54,54,36,NULL,33,30,0,0,3,14,1,4,1,1,4,12,1,0,0,0,0,0,320,2,NULL,NULL,NULL,NULL,0,1,1,4,6,3,1,1,3,9,2,NULL,301,27,94,9
366,"Shannyn Powell",2021-09-27,39,GROWER,"GBN - Goulburn","GBN - Goulburn",63,11340,11,11,3,3,4,4,27,NULL,7,6,1,1,0,3,0,2,1,0,4,2,0,0,0,0,0,0,57,6,NULL,NULL,NULL,NULL,0,4,1,4,1,0,0,0,1,2,1,NULL,52,13,92,23
367,"Shannyn Powell",2021-09-28,39,GROWER,"GBN - Goulburn","GBN - Goulburn",532,95760,219,261,34,34,12,12,97,NULL,69,20,63,63,5,22,2,8,3,4,4,24,4,0,0,47,42,0,532,0,NULL,NULL,NULL,NULL,0,2,1,5,6,8,1,1,6,11,6,NULL,492,54,93,10
368,"Shannyn Powell",2021-09-29,39,GROWER,"GBN - Goulburn","GBN - Goulburn",109,19620,20,20,6,6,8,8,49,NULL,6,5,11,11,1,5,1,2,5,0,5,3,1,0,0,0,0,0,108,1,NULL,NULL,NULL,NULL,1,3,1,3,1,1,0,0,2,3,1,NULL,100,12,93,12
369,"Shannyn Powell",2021-09-29,39,JRE,NULL,JRE,110,19800,56,56,2,2,19,19,18,NULL,8,7,0,0,0,7,1,2,0,0,3,4,5,0,0,0,0,0,111,-1,NULL,NULL,NULL,NULL,1,2,1,4,2,1,0,0,2,4,1,NULL,102,11,93,10
370,"Erin Hornwood",2021-09-30,39,"JRE Washed",NULL,"JRE Washed",40,7200,31,31,2,2,0,0,0,NULL,5,5,0,0,1,3,0,1,2,0,0,0,0,0,0,0,0,0,40,0,NULL,NULL,NULL,NULL,0,3,0,0,1,1,0,0,0,2,1,NULL,39,3,97,7
